id,isIndividual,username,defaultLocation,email,createdAt,updatedAt
1,false,oheak0,113 Manley Park,mvaudin0@typepad.com,4/14/2021,5/24/2021
2,false,cpladen1,6926 Atwood Way,ckelwick1@google.ca,10/19/2020,11/27/2020
3,true,fdodswell2,42740 Westridge Plaza,mheape2@blogspot.com,1/14/2021,11/2/2020
4,false,rwassell3,001 Oriole Point,ztarte3@yellowpages.com,4/21/2021,2/15/2021
5,false,abeattie4,5773 Kropf Center,enelm4@istockphoto.com,2/1/2021,1/2/2021
6,true,cwillshaw5,54 Clemons Park,gcouttes5@illinois.edu,7/30/2021,10/2/2020
7,false,ssteddall6,531 Kim Street,mfrotton6@istockphoto.com,9/9/2020,4/6/2021
8,false,aoffill7,1373 Birchwood Park,evasilmanov7@techcrunch.com,7/7/2021,4/14/2021
9,true,jbuckberry8,6 Meadow Valley Parkway,cmowatt8@businessinsider.com,4/17/2021,5/20/2021
10,true,ckeavy9,1 Holy Cross Road,abrisker9@bbb.org,6/10/2021,7/2/2021
11,true,egirogettia,9 Mandrake Point,aberggrena@blog.com,5/21/2021,7/4/2021
12,false,emoteb,07 Mitchell Place,kacorsb@symantec.com,5/19/2021,10/7/2020
13,true,tmabsonc,169 Delaware Point,tdarringtonc@forbes.com,7/26/2021,9/28/2020
14,false,dshipd,09 Eastwood Place,bkarczinskid@ask.com,6/24/2021,11/30/2020
15,true,taronsteine,84 Schurz Court,rgisbye@symantec.com,9/23/2020,8/10/2021
16,true,agwillymf,0721 Cherokee Way,pbruf@vk.com,9/20/2020,8/24/2021
17,false,rdedomenicig,455 Forster Terrace,capplewhiteg@sciencedaily.com,9/26/2020,5/13/2021
18,false,sdunsmoreh,626 Mallory Way,tiacomellih@sogou.com,3/17/2021,10/12/2020
19,false,awimsetti,641 Myrtle Point,wsedgefieldi@marriott.com,4/1/2021,5/21/2021
20,false,sromansj,39798 Elka Crossing,beselj@4shared.com,1/25/2021,11/3/2020
21,false,egooderickk,9 Eastwood Avenue,sveark@tripadvisor.com,2/1/2021,11/8/2020
22,false,cramel,69 Kipling Court,dhuberyl@mail.ru,10/20/2020,9/18/2020
23,true,dscaddenm,06 Starling Hill,edeeneym@paginegialle.it,2/15/2021,3/7/2021
24,false,vgoscarn,326 Park Meadow Alley,kstrakern@booking.com,5/25/2021,10/22/2020
25,true,bhurdleo,797 Crownhardt Street,shatherleigho@google.pl,2/24/2021,4/7/2021
26,false,dkleinstubp,9 Claremont Way,awoofendenp@dot.gov,4/7/2021,10/8/2020
27,true,lmichelottiq,25 Debra Hill,alehouxq@senate.gov,9/2/2020,2/9/2021
28,true,tclayer,9 Eliot Parkway,bvineyr@booking.com,6/16/2021,9/23/2020
29,false,jjacklings,34865 Westend Trail,tcorros@marketwatch.com,12/16/2020,11/25/2020
30,false,dgauthorppt,9 Dawn Pass,bcuminet@upenn.edu,5/25/2021,12/5/2020
31,false,ksandilandu,38426 Washington Avenue,femmittu@blog.com,3/4/2021,2/9/2021
32,false,lreuvenv,91 Westport Park,cliev@360.cn,4/20/2021,12/26/2020
33,true,lpiesingw,20 Northfield Drive,kkonkew@narod.ru,6/24/2021,12/22/2020
34,false,adominighix,74159 Kenwood Pass,squakleyx@biblegateway.com,1/12/2021,5/12/2021
35,true,tbryningy,39681 Bowman Trail,spynnery@nasa.gov,11/24/2020,4/5/2021
36,true,ecirlosz,358 Victoria Plaza,smuffordz@jugem.jp,8/9/2021,11/7/2020
37,true,vknotte10,60 Darwin Lane,dlydiate10@noaa.gov,4/22/2021,9/6/2020
38,true,bborrott11,55 Bay Pass,sotson11@hostgator.com,12/5/2020,1/18/2021
39,true,zkenan12,64 Debs Hill,lgilhoolie12@mashable.com,9/11/2020,9/22/2020
40,true,lplaschke13,05438 Badeau Lane,mlush13@jiathis.com,1/1/2021,3/27/2021
41,true,byearn14,1448 Killdeer Center,dbrodest14@nydailynews.com,12/3/2020,12/20/2020
42,false,omaciaszczyk15,17734 Lakewood Gardens Drive,lgee15@bbb.org,9/22/2020,3/27/2021
43,false,mmartyn16,92271 Ludington Crossing,mgabits16@devhub.com,8/22/2021,4/26/2021
44,true,vbirchall17,553 Merchant Pass,tisakov17@bbc.co.uk,2/11/2021,4/17/2021
45,true,gkasting18,88 Butternut Parkway,uleneham18@ca.gov,1/22/2021,12/4/2020
46,true,lgoulborn19,87996 Corscot Plaza,mbeake19@businesswire.com,10/29/2020,10/1/2020
47,false,boscollain1a,552 Forest Plaza,lmccomas1a@weather.com,8/22/2021,6/26/2021
48,true,cwoodward1b,34 Park Meadow Alley,zdibbert1b@va.gov,8/22/2021,3/3/2021
49,false,ymourge1c,19899 Lillian Junction,lmcevon1c@ycombinator.com,4/17/2021,3/31/2021
50,false,cpolland1d,1399 Russell Hill,bfarfull1d@tinypic.com,7/4/2021,5/25/2021
51,true,estallard1e,1 Ridgeway Place,acruddace1e@goo.gl,2/12/2021,5/31/2021
52,true,jpeel1f,915 Shopko Way,cripping1f@plala.or.jp,3/7/2021,4/20/2021
53,false,zgainsford1g,3912 Golf Course Plaza,jryall1g@t.co,7/31/2021,3/10/2021
54,true,dlidgett1h,934 Everett Pass,apau1h@rambler.ru,6/4/2021,6/9/2021
55,true,wdreakin1i,1952 Bonner Alley,dekless1i@facebook.com,4/2/2021,1/7/2021
56,true,tbyass1j,540 Merchant Circle,gsibson1j@wordpress.org,7/10/2021,12/21/2020
57,true,wigo1k,03 Huxley Park,nborland1k@rakuten.co.jp,5/4/2021,5/18/2021
58,true,gfathers1l,7264 Jay Alley,mguye1l@soundcloud.com,8/21/2021,2/22/2021
59,false,kdykins1m,5 Shasta Trail,npavyer1m@goodreads.com,1/29/2021,1/20/2021
60,false,krugieri1n,24 Hauk Drive,sbartunek1n@networksolutions.com,1/1/2021,10/1/2020
61,false,wclaw1o,1 Green Ridge Parkway,nmaine1o@tumblr.com,9/19/2020,11/13/2020
62,false,npinfold1p,8451 Gale Hill,ohess1p@apple.com,5/29/2021,9/22/2020
63,true,cpeagram1q,75186 Barby Center,brubenov1q@moonfruit.com,11/17/2020,5/19/2021
64,true,cpoint1r,1316 Carberry Pass,gmeadmore1r@livejournal.com,4/24/2021,12/19/2020
65,false,cmensler1s,25239 Fuller Point,nfydo1s@zdnet.com,10/16/2020,5/9/2021
66,true,jmaden1t,39 Arapahoe Circle,arotter1t@stanford.edu,2/22/2021,10/18/2020
67,false,sshayes1u,287 Autumn Leaf Junction,bbartoshevich1u@1und1.de,12/4/2020,6/8/2021
68,false,ahunting1v,78 Corry Trail,zmckinney1v@tinypic.com,5/22/2021,2/23/2021
69,false,cgibbeson1w,23067 Service Plaza,ccoumbe1w@ehow.com,9/3/2020,2/21/2021
70,true,jantonelli1x,7 Tomscot Terrace,pbadman1x@about.com,8/10/2021,1/21/2021
71,true,jaaron1y,0 Sauthoff Way,gcollingworth1y@digg.com,5/26/2021,5/12/2021
72,false,texer1z,6 Rockefeller Circle,jwippermann1z@epa.gov,12/14/2020,5/31/2021
73,false,sdurrington20,39 Fieldstone Crossing,kgarred20@ask.com,3/7/2021,2/7/2021
74,true,bdran21,35229 Springview Center,tcasperri21@myspace.com,9/11/2020,3/31/2021
75,true,fpassey22,603 Lukken Lane,bpavese22@cbslocal.com,2/9/2021,7/11/2021
76,false,hnaisey23,03 Canary Hill,gwaddams23@theguardian.com,8/29/2021,4/2/2021
77,false,pcoping24,47 La Follette Lane,cpolye24@economist.com,2/15/2021,2/23/2021
78,true,apaver25,8257 Manley Lane,sreveland25@engadget.com,1/5/2021,7/26/2021
79,true,dlambrechts26,7 Gerald Trail,gmilroy26@twitter.com,12/14/2020,1/2/2021
80,true,dportman27,7454 Sullivan Place,lcrofthwaite27@github.com,9/30/2020,6/10/2021
81,true,mpreedy28,8 Continental Parkway,mtadlow28@answers.com,11/9/2020,9/14/2020
82,false,cshimman29,9 Saint Paul Terrace,cbampton29@altervista.org,9/30/2020,8/28/2021
83,true,lgreiser2a,85 Jana Circle,vspering2a@washington.edu,9/29/2020,9/24/2020
84,false,iritzman2b,03 Ludington Drive,lcreany2b@phpbb.com,8/27/2021,5/24/2021
85,true,rfacer2c,2788 Prairie Rose Lane,mbosley2c@nydailynews.com,4/26/2021,6/3/2021
86,true,tjerosch2d,1 Sachs Way,szoane2d@msn.com,1/1/2021,12/18/2020
87,false,bblatchford2e,792 Dennis Place,acowtherd2e@devhub.com,5/7/2021,4/1/2021
88,true,fderyebarrett2f,8 Morningstar Parkway,bstothert2f@sbwire.com,8/29/2021,2/3/2021
89,false,awyer2g,36799 Lerdahl Crossing,ctruesdale2g@tmall.com,3/27/2021,1/8/2021
90,false,mpolkinghorne2h,7 Hollow Ridge Circle,hbaldinotti2h@oracle.com,12/17/2020,9/28/2020
91,false,formrod2i,8192 Morning Way,lnortheast2i@home.pl,8/17/2021,5/7/2021
92,false,streweela2j,00143 Nevada Street,kmckag2j@state.tx.us,7/8/2021,3/5/2021
93,false,ltetther2k,11995 Vernon Crossing,laleksandrikin2k@woothemes.com,4/25/2021,6/7/2021
94,false,sbener2l,53833 Hollow Ridge Street,ccokayne2l@google.ru,8/23/2021,5/7/2021
95,true,hwaddilow2m,138 Farwell Terrace,pvasentsov2m@ifeng.com,1/6/2021,8/6/2021
96,false,abunker2n,22 Independence Parkway,kpinnock2n@ucoz.com,3/2/2021,10/11/2020
97,true,atoohey2o,1 Ilene Lane,jlonsdale2o@google.it,7/15/2021,9/26/2020
98,true,nrazzell2p,99 Springs Park,adavidy2p@godaddy.com,3/29/2021,1/20/2021
99,true,mboome2q,87027 Northfield Pass,rgrizard2q@ovh.net,3/26/2021,12/19/2020
100,false,jmanilo2r,7 Westridge Park,pklaaasen2r@ow.ly,9/29/2020,5/26/2021
101,true,psmewings2s,04 Heffernan Hill,dkelbie2s@twitter.com,1/26/2021,8/4/2021
102,true,cdepka2t,02 Meadow Valley Hill,mgladden2t@wp.com,3/10/2021,12/2/2020
103,true,tyekel2u,1 Bay Alley,rmapham2u@netscape.com,5/13/2021,2/26/2021
104,true,gkulic2v,96 Eggendart Way,arobinette2v@123-reg.co.uk,9/28/2020,11/30/2020
105,false,khodgins2w,705 Ohio Way,alude2w@furl.net,1/11/2021,8/22/2021
106,false,ballinson2x,02 Prentice Plaza,akyte2x@mashable.com,1/1/2021,3/11/2021
107,false,asisson2y,5032 3rd Lane,mblinder2y@sina.com.cn,8/7/2021,11/16/2020
108,true,hcaesman2z,049 Hooker Lane,lmartineau2z@yellowbook.com,5/8/2021,4/1/2021
109,true,mstatton30,3 Homewood Parkway,cleavry30@mtv.com,9/11/2020,9/10/2020
110,false,aastlatt31,27933 Rowland Pass,btruggian31@addtoany.com,10/2/2020,7/25/2021
111,false,lleathley32,4365 Di Loreto Crossing,dshwenn32@unblog.fr,12/29/2020,9/18/2020
112,true,uswyersexey33,476 Kings Drive,sspering33@alibaba.com,2/28/2021,7/23/2021
113,false,agregoriou34,537 Knutson Trail,pmacura34@wikipedia.org,3/5/2021,8/5/2021
114,true,gpessel35,0020 Memorial Circle,kgiorgini35@nsw.gov.au,8/12/2021,6/23/2021
115,true,kburnsyde36,78729 Bluestem Terrace,dslopier36@ask.com,10/13/2020,10/14/2020
116,true,ndelahunty37,194 Buena Vista Way,aker37@domainmarket.com,12/8/2020,11/9/2020
117,true,cjewel38,4 Artisan Terrace,rwellwood38@pcworld.com,10/10/2020,2/10/2021
118,true,gferrara39,1 Browning Avenue,cpottinger39@newyorker.com,3/24/2021,10/1/2020
119,false,rolehane3a,4914 Myrtle Plaza,dmeininking3a@51.la,4/11/2021,4/16/2021
120,true,kgeorge3b,25797 Russell Place,hwilshire3b@businessinsider.com,6/24/2021,12/5/2020
121,false,cshadfourth3c,395 Fordem Avenue,etesseyman3c@ftc.gov,5/19/2021,1/6/2021
122,false,tmcgaugey3d,0255 Westport Center,jgrzeszczak3d@ft.com,7/26/2021,2/26/2021
123,true,mwing3e,695 Monument Pass,kbinding3e@cloudflare.com,4/25/2021,6/11/2021
124,true,hwelfare3f,967 Towne Park,epinnington3f@technorati.com,9/9/2020,4/29/2021
125,false,mtruss3g,249 Chive Avenue,thumberstone3g@ifeng.com,10/14/2020,7/7/2021
126,false,dfansy3h,08 Superior Pass,fchansonnau3h@webmd.com,2/8/2021,10/12/2020
127,false,kbridges3i,43413 Summerview Junction,fwiffill3i@sakura.ne.jp,2/10/2021,12/30/2020
128,false,krappoport3j,37 Hagan Hill,ainger3j@ask.com,10/27/2020,6/14/2021
129,false,rcrossan3k,3 Northfield Drive,amacgall3k@businessinsider.com,8/16/2021,10/6/2020
130,false,smattiazzo3l,44227 Packers Plaza,blowery3l@github.com,10/22/2020,7/11/2021
131,false,itrewhella3m,36901 Sommers Place,mgurden3m@sakura.ne.jp,12/3/2020,7/30/2021
132,true,dmcclintock3n,91 Sage Road,kdocksey3n@webeden.co.uk,3/17/2021,4/3/2021
133,true,lszymanowski3o,9 Forest Run Place,riley3o@unesco.org,5/4/2021,2/19/2021
134,true,candreolli3p,0420 Valley Edge Avenue,mdwelley3p@homestead.com,2/5/2021,9/11/2020
135,false,lsherburn3q,7 Northridge Road,fnelson3q@kickstarter.com,6/16/2021,8/8/2021
136,false,fkhidr3r,3215 Crownhardt Hill,jmeco3r@businessweek.com,4/19/2021,7/6/2021
137,false,jbattle3s,33 Farmco Alley,cleblanc3s@kickstarter.com,1/16/2021,11/3/2020
138,false,mrobrow3t,9 Waubesa Pass,acrewes3t@unblog.fr,4/9/2021,2/7/2021
139,true,htrembley3u,9333 Sommers Way,tdellcasa3u@utexas.edu,6/6/2021,10/29/2020
140,false,kskirrow3v,466 Mesta Center,jmatthewson3v@amazon.de,8/8/2021,12/30/2020
141,true,spithcock3w,2 Schurz Avenue,msynke3w@mysql.com,9/21/2020,5/30/2021
142,false,hjeckells3x,851 Gerald Avenue,smemory3x@yellowbook.com,9/17/2020,12/30/2020
143,false,geleshenar3y,39867 Browning Pass,crevie3y@admin.ch,8/13/2021,7/28/2021
144,false,cgrosier3z,251 Sherman Drive,cswaile3z@prnewswire.com,4/13/2021,6/28/2021
145,true,edray40,708 Grasskamp Avenue,bcymper40@census.gov,9/8/2020,4/29/2021
146,false,tlicciardo41,90369 Messerschmidt Place,dnaldrett41@chronoengine.com,12/26/2020,7/15/2021
147,false,rmacgillivrie42,3762 Doe Crossing Center,wduley42@flickr.com,10/29/2020,2/1/2021
148,false,nbruckent43,10827 Cambridge Hill,dlobell43@adobe.com,1/8/2021,10/8/2020
149,false,mrosenau44,12883 Nevada Way,kcampos44@yolasite.com,3/11/2021,12/7/2020
150,true,dcopozio45,46586 Lindbergh Parkway,dshitliff45@wunderground.com,2/26/2021,8/5/2021
151,false,psket46,9411 Butternut Center,wbrumfitt46@indiegogo.com,4/4/2021,1/7/2021
152,true,acufflin47,76396 Buell Park,lvaux47@macromedia.com,3/14/2021,2/13/2021
153,true,nsalerno48,818 Helena Place,caronsohn48@twitpic.com,5/8/2021,3/17/2021
154,false,wcronshaw49,14 Fairview Court,itwitchett49@devhub.com,3/22/2021,4/18/2021
155,true,mlackey4a,95 Colorado Trail,slinstead4a@typepad.com,5/21/2021,7/3/2021
156,true,vpittock4b,44047 Anhalt Center,btureville4b@myspace.com,11/2/2020,1/15/2021
157,true,edoy4c,468 Anthes Crossing,aspaldin4c@fastcompany.com,1/23/2021,10/29/2020
158,false,iclayworth4d,997 Mayfield Court,pmonini4d@noaa.gov,12/21/2020,7/23/2021
159,false,jshatford4e,29335 Washington Drive,vchilley4e@360.cn,2/18/2021,7/5/2021
160,true,tsprigg4f,676 David Road,melnor4f@github.io,7/15/2021,7/26/2021
161,true,cwyleman4g,3771 Glacier Hill Alley,swikey4g@webnode.com,12/1/2020,4/27/2021
162,true,hdalgetty4h,249 Charing Cross Circle,reates4h@sbwire.com,9/11/2020,10/15/2020
163,true,emoules4i,7 Old Gate Hill,mchardin4i@over-blog.com,10/22/2020,2/1/2021
164,false,qlongfut4j,0620 Summit Terrace,ccancutt4j@guardian.co.uk,9/22/2020,1/6/2021
165,false,mcavolini4k,20253 Shelley Crossing,tpavelka4k@chicagotribune.com,5/22/2021,11/2/2020
166,true,clarchier4l,83 Briar Crest Park,jwaith4l@istockphoto.com,4/27/2021,12/2/2020
167,true,imaraga4m,93 Pond Junction,ztarply4m@yellowbook.com,6/1/2021,8/3/2021
168,true,mcawse4n,91517 Barby Parkway,ceden4n@apple.com,7/3/2021,8/3/2021
169,true,rsimants4o,8104 Northport Junction,mbenion4o@eepurl.com,5/30/2021,12/1/2020
170,false,zmaldin4p,3464 Leroy Court,acapps4p@hubpages.com,10/25/2020,2/18/2021
171,false,swilcott4q,6 Morningstar Court,kflacknoe4q@uol.com.br,10/9/2020,10/13/2020
172,true,rfryett4r,56 Stuart Crossing,tmacarthur4r@live.com,10/30/2020,10/23/2020
173,true,gskippings4s,0757 Kenwood Place,jgiovannetti4s@accuweather.com,6/16/2021,10/3/2020
174,false,rmcmurthy4t,96576 Shelley Road,corknay4t@multiply.com,6/14/2021,3/19/2021
175,true,gsmissen4u,7471 Pearson Center,apatey4u@ucoz.com,6/26/2021,5/30/2021
176,true,tkneel4v,6859 John Wall Terrace,aeusden4v@sciencedaily.com,2/28/2021,7/14/2021
177,true,dpieterick4w,93 Sachtjen Point,dgrayley4w@auda.org.au,7/27/2021,5/6/2021
178,false,evanderkruys4x,10 Mariners Cove Court,candrzejak4x@posterous.com,9/7/2020,1/21/2021
179,false,eallgood4y,0698 Harper Plaza,wgeraldo4y@utexas.edu,2/9/2021,5/1/2021
180,true,acaudell4z,0345 Becker Court,atwist4z@google.de,7/11/2021,1/30/2021
181,false,uwolfers50,4619 Hanson Plaza,mflag50@flavors.me,8/27/2021,4/20/2021
182,true,rnajafian51,99121 Moland Avenue,lbuckell51@yandex.ru,11/13/2020,10/8/2020
183,true,cginty52,6 Gina Center,kpoyzer52@ucla.edu,5/4/2021,9/4/2020
184,false,jkarolovsky53,4290 Sommers Avenue,rconiff53@si.edu,8/12/2021,1/3/2021
185,true,mmicallef54,24692 Jenna Alley,gwinspear54@ocn.ne.jp,8/25/2021,7/7/2021
186,false,lmiddlehurst55,52 Nelson Terrace,mriggs55@eventbrite.com,3/2/2021,7/8/2021
187,false,lclappison56,96041 Homewood Point,pmccome56@msu.edu,10/8/2020,10/16/2020
188,false,jmuat57,95650 Almo Crossing,mcowap57@ca.gov,4/21/2021,9/13/2020
189,false,cpullan58,71786 Ilene Point,kpolsin58@virginia.edu,1/20/2021,4/20/2021
190,true,lhessentaler59,6011 Main Park,tyakovich59@businesswire.com,8/5/2021,8/25/2021
191,false,sjindra5a,6 Eagle Crest Center,keveleigh5a@hexun.com,5/9/2021,5/1/2021
192,false,iralston5b,1 Lillian Drive,ccordero5b@wiley.com,2/10/2021,1/23/2021
193,true,ashank5c,84703 Drewry Avenue,bmaffiotti5c@deliciousdays.com,3/9/2021,9/30/2020
194,false,tlyokhin5d,6 Maple Wood Center,hfruen5d@histats.com,4/10/2021,8/29/2021
195,false,djuly5e,974 Merrick Avenue,jbellocht5e@house.gov,12/15/2020,1/13/2021
196,true,nshieldon5f,2534 Bay Trail,etolhurst5f@posterous.com,2/14/2021,5/24/2021
197,false,jeles5g,9 Eggendart Terrace,etampin5g@go.com,11/1/2020,6/16/2021
198,true,crolfi5h,065 Elgar Circle,mloncaster5h@microsoft.com,3/6/2021,5/5/2021
199,true,sbullcock5i,026 Veith Point,theinritz5i@yelp.com,6/2/2021,12/17/2020
200,true,phuntar5j,0 Anhalt Lane,bspaxman5j@un.org,2/21/2021,7/5/2021
201,false,apickance5k,09943 Washington Plaza,mchugg5k@storify.com,8/10/2021,11/24/2020
202,true,lmalthouse5l,263 Valley Edge Alley,oduncanson5l@miitbeian.gov.cn,1/6/2021,3/22/2021
203,true,etidswell5m,5447 Straubel Avenue,mdalby5m@mit.edu,2/28/2021,11/18/2020
204,false,ddellenbrook5n,620 Graedel Hill,sclitherow5n@biblegateway.com,1/28/2021,4/15/2021
205,true,cmusprat5o,4555 Toban Lane,dlodder5o@ustream.tv,10/6/2020,12/26/2020
206,false,abachanski5p,022 Larry Terrace,tkinningley5p@blogtalkradio.com,7/2/2021,11/16/2020
207,false,jsalmoni5q,592 Village Point,lkrug5q@vinaora.com,10/2/2020,8/3/2021
208,true,mcayle5r,76319 Butternut Trail,hcardenas5r@salon.com,6/3/2021,1/8/2021
209,false,bbrownhill5s,21046 Vermont Park,iwickmann5s@blogger.com,5/31/2021,6/6/2021
210,true,ptookill5t,341 Transport Parkway,hdavidge5t@wired.com,10/15/2020,7/23/2021
211,true,cboyer5u,61227 Packers Point,marniz5u@squidoo.com,7/9/2021,3/5/2021
212,true,jhallt5v,22693 Ludington Crossing,rcahani5v@alexa.com,1/27/2021,1/12/2021
213,true,kantonacci5w,48 Surrey Hill,kjosowitz5w@bbb.org,7/26/2021,6/20/2021
214,false,jgatus5x,97672 Glacier Hill Drive,egreatex5x@google.com,6/12/2021,2/19/2021
215,false,esquibe5y,53 Dwight Park,candreucci5y@imgur.com,3/19/2021,4/24/2021
216,false,mrisebrow5z,95 Coleman Hill,strussman5z@oracle.com,8/20/2021,11/8/2020
217,false,apaula60,0 Golf Drive,dbartolozzi60@photobucket.com,10/18/2020,6/4/2021
218,false,gwestgate61,55394 Maple Point,nbowick61@pbs.org,11/17/2020,8/4/2021
219,true,gkalaher62,315 Spenser Place,hattride62@scribd.com,7/13/2021,8/2/2021
220,false,rgrazier63,5226 Moland Avenue,glamberth63@youtube.com,12/4/2020,3/7/2021
221,true,cwevell64,7 Sundown Hill,esyratt64@state.gov,3/24/2021,12/18/2020
222,false,gjedras65,8 Chinook Avenue,elabone65@spiegel.de,9/8/2020,1/27/2021
223,false,lhayhoe66,073 Di Loreto Trail,cjannex66@paginegialle.it,11/25/2020,12/4/2020
224,false,sforte67,6233 Stuart Lane,eamber67@vistaprint.com,12/6/2020,2/4/2021
225,true,welix68,96 Annamark Road,njellicorse68@github.com,8/18/2021,1/22/2021
226,true,lbellas69,36953 Riverside Trail,rharg69@trellian.com,12/6/2020,6/27/2021
227,false,kisherwood6a,3930 Bartillon Drive,pmatitiaho6a@disqus.com,9/22/2020,3/6/2021
228,false,rwestall6b,9 Buena Vista Court,fgaw6b@redcross.org,2/8/2021,9/1/2020
229,true,fvellden6c,9192 Everett Plaza,dberthe6c@blogs.com,12/1/2020,7/1/2021
230,false,rarents6d,0293 Michigan Hill,cgammet6d@census.gov,10/22/2020,7/6/2021
231,false,etire6e,2 Macpherson Center,bmoodie6e@nyu.edu,12/1/2020,11/23/2020
232,true,wtarbox6f,1308 Hagan Parkway,aquinton6f@ca.gov,11/6/2020,8/20/2021
233,true,btrewinnard6g,7 Sunbrook Way,mdibatista6g@wunderground.com,4/2/2021,8/5/2021
234,true,drubie6h,2 Towne Parkway,cdolton6h@xrea.com,3/8/2021,6/29/2021
235,false,laupol6i,1 Crescent Oaks Pass,ccressingham6i@webs.com,12/16/2020,9/26/2020
236,true,hwaddington6j,8543 Brickson Park Trail,cfurlonge6j@boston.com,7/18/2021,6/5/2021
237,true,sderl6k,9 Pine View Alley,ischubuser6k@miibeian.gov.cn,8/12/2021,8/29/2021
238,false,sarboin6l,35 Buhler Junction,oallatt6l@ucla.edu,10/24/2020,7/18/2021
239,false,cmitskevich6m,16219 Calypso Pass,priedel6m@dmoz.org,1/4/2021,11/17/2020
240,false,asawdon6n,9 Forest Dale Plaza,rabrehart6n@washingtonpost.com,6/28/2021,2/13/2021
241,false,mhaspineall6o,7 Union Drive,mold6o@imageshack.us,1/9/2021,10/8/2020
242,true,tzavattieri6p,34 Fair Oaks Center,rsanper6p@domainmarket.com,3/20/2021,3/30/2021
243,true,nharler6q,82963 Sunfield Way,pshavel6q@dion.ne.jp,8/7/2021,11/12/2020
244,true,mgemeau6r,44217 Crowley Junction,wguillart6r@patch.com,4/16/2021,5/24/2021
245,false,sfeatenby6s,3 American Ash Place,aschimaschke6s@thetimes.co.uk,8/16/2021,12/7/2020
246,false,tsturgeon6t,705 Crescent Oaks Pass,acaldaro6t@mashable.com,7/18/2021,7/15/2021
247,true,gjohnigan6u,40 Vidon Place,ymcrill6u@netvibes.com,7/17/2021,7/24/2021
248,false,aalkins6v,6980 Raven Drive,adecruz6v@4shared.com,12/20/2020,8/2/2021
249,false,rshergill6w,3 Laurel Hill,btumpane6w@linkedin.com,1/12/2021,11/29/2020
250,false,fimmings6x,075 Monica Street,baberdeen6x@histats.com,4/23/2021,6/8/2021
251,false,rcancelier6y,1 Gerald Road,avescovo6y@ning.com,8/14/2021,7/16/2021
252,true,aspinks6z,33 Washington Crossing,asargent6z@biglobe.ne.jp,11/20/2020,10/24/2020
253,false,hpatzelt70,96388 Hooker Lane,mmeaden70@msu.edu,11/28/2020,9/25/2020
254,true,rbools71,8 Fallview Parkway,bfurst71@liveinternet.ru,10/2/2020,5/16/2021
255,true,friccardi72,7 Commercial Lane,gshitliff72@wisc.edu,2/1/2021,2/13/2021
256,false,wdormon73,002 Longview Crossing,acamacho73@cisco.com,5/1/2021,11/21/2020
257,true,dbeeden74,960 Di Loreto Crossing,efreeberne74@digg.com,12/22/2020,3/16/2021
258,false,myeabsley75,1 Blackbird Street,ayoxall75@hao123.com,4/17/2021,8/28/2021
259,false,jcalender76,5713 Pine View Circle,ljerrans76@barnesandnoble.com,8/16/2021,1/6/2021
260,false,bsansome77,283 Sunfield Drive,mphilp77@alibaba.com,9/2/2020,6/8/2021
261,false,lknowlys78,9 New Castle Court,pachrameev78@latimes.com,7/9/2021,12/26/2020
262,true,eohollegan79,7758 Marquette Alley,kbrealey79@flavors.me,6/13/2021,12/4/2020
263,true,jboreland7a,32 Caliangt Alley,dfellos7a@hugedomains.com,3/25/2021,1/5/2021
264,true,sconyer7b,10 Eagle Crest Point,aburdfield7b@gizmodo.com,12/2/2020,3/18/2021
265,false,emarsh7c,4217 Armistice Terrace,glauga7c@cnbc.com,10/25/2020,12/13/2020
266,false,aguillond7d,338 Valley Edge Junction,schern7d@wufoo.com,5/27/2021,5/22/2021
267,true,mwhatman7e,656 Tennyson Park,tbalazot7e@cornell.edu,3/13/2021,4/2/2021
268,true,ldabner7f,4055 Fordem Hill,alakes7f@house.gov,7/20/2021,12/16/2020
269,false,bmccabe7g,47777 Duke Plaza,dshakeshaft7g@qq.com,4/6/2021,8/21/2021
270,true,fcavee7h,7362 Stoughton Pass,rparfett7h@state.tx.us,3/8/2021,1/7/2021
271,false,ehaggas7i,64935 Karstens Circle,wchannon7i@t.co,4/5/2021,5/30/2021
272,false,lbodle7j,7981 Lunder Point,ahendrik7j@multiply.com,1/4/2021,2/27/2021
273,false,jlohrensen7k,19614 Hermina Point,wtann7k@theatlantic.com,7/24/2021,4/23/2021
274,false,adanielis7l,6 Prairie Rose Road,pemblow7l@rakuten.co.jp,7/23/2021,10/31/2020
275,true,ltupie7m,27575 Drewry Parkway,lgunda7m@oracle.com,11/25/2020,7/4/2021
276,true,cmcclory7n,843 Golden Leaf Way,mbidewel7n@tripadvisor.com,6/27/2021,4/16/2021
277,false,sbrewitt7o,8 Spaight Circle,dbooeln7o@tinyurl.com,9/3/2020,7/2/2021
278,false,jtreadaway7p,72774 Nevada Crossing,lhayne7p@w3.org,10/13/2020,8/18/2021
279,true,rslisby7q,472 Logan Terrace,glooks7q@hao123.com,3/9/2021,9/2/2020
280,false,dyakushkev7r,46 Bowman Way,acrich7r@storify.com,3/6/2021,1/2/2021
281,true,tcutchee7s,35229 Badeau Court,kgrindell7s@timesonline.co.uk,3/1/2021,11/29/2020
282,false,ebyneth7t,084 Dawn Lane,loliva7t@abc.net.au,10/18/2020,5/4/2021
283,true,tsmoote7u,351 Anzinger Lane,sdain7u@themeforest.net,7/13/2021,8/16/2021
284,true,bbaiss7v,679 Pennsylvania Crossing,emucklestone7v@webnode.com,10/4/2020,8/30/2021
285,true,bdougherty7w,96 Manitowish Crossing,stalman7w@biblegateway.com,10/29/2020,2/16/2021
286,false,elyburn7x,9142 Merchant Alley,gdeme7x@merriam-webster.com,5/24/2021,2/16/2021
287,true,acrimmins7y,137 Paget Pass,ebeston7y@blogger.com,8/9/2021,7/15/2021
288,true,aranderson7z,8044 Melrose Trail,zwelldrake7z@addtoany.com,4/26/2021,5/26/2021
289,true,tswynley80,143 Lerdahl Way,ccoote80@baidu.com,12/27/2020,3/15/2021
290,false,tpiscopo81,2139 Kenwood Terrace,bstreeter81@posterous.com,10/29/2020,12/29/2020
291,true,thaskins82,975 Ilene Parkway,kmosen82@live.com,12/11/2020,6/26/2021
292,true,mgirault83,410 Beilfuss Hill,kramet83@moonfruit.com,1/16/2021,3/22/2021
293,true,aquincee84,7494 Hanover Road,nburges84@oracle.com,9/27/2020,6/18/2021
294,true,avousden85,694 Rigney Parkway,mmomery85@skyrock.com,10/9/2020,11/21/2020
295,false,rgornal86,61850 Crowley Terrace,mpitson86@goo.gl,7/27/2021,10/5/2020
296,true,hhurley87,34 8th Park,jhulmes87@de.vu,11/29/2020,12/27/2020
297,true,dgrinvalds88,5 Independence Terrace,vblenkiron88@wp.com,6/2/2021,8/13/2021
298,false,mjendrusch89,1341 Pawling Crossing,lhobden89@marriott.com,3/13/2021,12/3/2020
299,false,langel8a,41571 Toban Center,bblaske8a@imageshack.us,3/5/2021,2/20/2021
300,false,cgoodrum8b,46743 Vernon Place,kplacide8b@icq.com,12/28/2020,4/8/2021
301,true,hetchingham8c,8610 Mariners Cove Circle,ekerrigan8c@upenn.edu,1/11/2021,11/1/2020
302,false,mkield8d,0 Randy Crossing,phawkeswood8d@chron.com,8/2/2021,6/21/2021
303,false,lskate8e,5 Trailsway Parkway,ltreece8e@sun.com,4/9/2021,8/14/2021
304,true,rwinspurr8f,79851 Mosinee Road,zhartop8f@storify.com,7/21/2021,3/12/2021
305,true,kmcturlough8g,8 Anhalt Parkway,nmassinger8g@umn.edu,2/22/2021,5/22/2021
306,false,adelacroux8h,3478 Meadow Ridge Plaza,yflott8h@phpbb.com,4/14/2021,1/10/2021
307,false,asarfass8i,5 Golden Leaf Point,bwayman8i@cbslocal.com,6/5/2021,11/15/2020
308,false,hpeel8j,7457 Green Ridge Point,mduerden8j@desdev.cn,1/23/2021,9/14/2020
309,false,sollander8k,7 Maryland Drive,jluckett8k@washingtonpost.com,3/16/2021,4/21/2021
310,true,skupka8l,35 Buell Road,hworters8l@artisteer.com,11/27/2020,6/22/2021
311,false,kstewartson8m,43707 Park Meadow Park,hlinning8m@yahoo.com,2/4/2021,11/5/2020
312,false,ralan8n,25 Stang Terrace,neliassen8n@google.com,10/1/2020,9/19/2020
313,true,lpiser8o,10 Prairieview Alley,lpicford8o@ucoz.com,12/15/2020,3/16/2021
314,true,memor8p,1966 Loomis Way,brobyns8p@wufoo.com,11/12/2020,8/27/2021
315,false,btrudgian8q,5916 Northwestern Place,abauer8q@list-manage.com,7/7/2021,10/13/2020
316,false,azincke8r,93 Spaight Street,wrushbrooke8r@mysql.com,2/22/2021,6/6/2021
317,true,rneljes8s,38 Novick Hill,vuccelli8s@zdnet.com,1/16/2021,2/15/2021
318,false,oroseaman8t,3 Surrey Point,aapplewhite8t@patch.com,6/25/2021,10/2/2020
319,true,pleslie8u,57300 Hagan Parkway,ebrunning8u@dion.ne.jp,7/19/2021,2/19/2021
320,false,oaccomb8v,74035 Dayton Terrace,wgiacobo8v@guardian.co.uk,10/20/2020,4/18/2021
321,false,cclout8w,440 Oak Valley Plaza,ekisbey8w@bandcamp.com,3/31/2021,6/9/2021
322,true,jheinel8x,76773 Steensland Road,qsimmill8x@google.nl,10/1/2020,12/31/2020
323,true,tshere8y,27056 Coleman Avenue,phillock8y@japanpost.jp,10/4/2020,9/14/2020
324,false,amournian8z,8 8th Crossing,abing8z@ow.ly,12/17/2020,11/27/2020
325,false,mharvard90,8419 Clarendon Parkway,mmompesson90@weebly.com,5/27/2021,3/14/2021
326,true,kryan91,9 Florence Alley,oocannovane91@domainmarket.com,7/19/2021,10/3/2020
327,false,cbaudic92,74475 Linden Road,lcrossfield92@github.com,7/29/2021,8/14/2021
328,true,arickersey93,9 Luster Junction,apell93@chicagotribune.com,7/7/2021,2/11/2021
329,false,acowitz94,7778 Helena Crossing,gkalewe94@google.fr,2/17/2021,4/12/2021
330,false,lpaish95,8 Karstens Crossing,hlowles95@phoca.cz,3/12/2021,8/17/2021
331,true,abehling96,8500 Sutherland Hill,lklambt96@hugedomains.com,6/22/2021,1/21/2021
332,false,mburnett97,7975 Merchant Hill,mdilger97@csmonitor.com,11/14/2020,4/7/2021
333,false,bmckeggie98,0588 Truax Alley,mgolledge98@goodreads.com,3/27/2021,1/24/2021
334,false,arosenwald99,47294 Amoth Terrace,temblow99@twitpic.com,4/29/2021,7/2/2021
335,true,earundel9a,0204 Hollow Ridge Way,bmounch9a@dailymail.co.uk,3/20/2021,2/17/2021
336,true,bfendlow9b,90 New Castle Point,cbenoix9b@gizmodo.com,7/5/2021,11/25/2020
337,true,rolennachain9c,20 Birchwood Way,pedland9c@skype.com,6/22/2021,3/1/2021
338,true,gardron9d,2391 Lillian Way,cfatkin9d@ameblo.jp,4/29/2021,4/14/2021
339,false,nmochan9e,1482 Lawn Junction,cleser9e@deviantart.com,11/2/2020,3/10/2021
340,true,bkingsnode9f,00147 Dorton Drive,gholston9f@sbwire.com,6/30/2021,7/9/2021
341,true,owallentin9g,2 Birchwood Junction,rnickoles9g@wunderground.com,1/25/2021,1/6/2021
342,true,dgayton9h,36681 Mayfield Street,kjoplin9h@cam.ac.uk,8/28/2021,4/28/2021
343,false,sledingham9i,9683 Westend Alley,wconnors9i@nytimes.com,12/24/2020,8/12/2021
344,false,ewretham9j,93 Havey Trail,cspinas9j@google.com.hk,9/5/2020,9/11/2020
345,true,lchezelle9k,090 Ohio Park,ddronsfield9k@soup.io,1/11/2021,4/1/2021
346,true,tjolin9l,6 Fordem Road,rcammack9l@scientificamerican.com,9/7/2020,6/16/2021
347,false,dpenzer9m,73 Forest Point,mrounding9m@github.com,1/16/2021,11/5/2020
348,false,jsimonato9n,5001 Mallard Terrace,krylands9n@tumblr.com,1/13/2021,1/20/2021
349,false,dstoakes9o,491 Anthes Crossing,dapthorpe9o@jimdo.com,4/4/2021,1/26/2021
350,true,kboner9p,0408 Weeping Birch Street,sstorms9p@hp.com,3/22/2021,4/21/2021
351,false,eduval9q,5981 Valley Edge Alley,ggilbart9q@skype.com,11/8/2020,12/24/2020
352,true,lcheeke9r,734 Garrison Lane,ihellin9r@etsy.com,10/31/2020,1/10/2021
353,false,mablewhite9s,582 Northview Circle,lconstable9s@theatlantic.com,10/6/2020,7/18/2021
354,true,ghlavecek9t,849 Esch Alley,fhamelyn9t@indiatimes.com,12/13/2020,9/4/2020
355,false,lbarthelme9u,90 Redwing Pass,alakin9u@sciencedirect.com,12/19/2020,1/2/2021
356,true,amylan9v,68 Pine View Pass,dvaux9v@elpais.com,10/11/2020,4/19/2021
357,false,scalbrathe9w,850 Sundown Hill,thaston9w@mapy.cz,1/11/2021,5/6/2021
358,true,gwhaley9x,731 Farwell Lane,cdarey9x@google.co.jp,11/28/2020,2/27/2021
359,true,djurzyk9y,5 Aberg Alley,hclayworth9y@fastcompany.com,8/4/2021,6/14/2021
360,false,pmort9z,88 Buhler Circle,hharmeston9z@php.net,12/11/2020,9/15/2020
361,true,ocourtneya0,9024 Merry Drive,rberaneka0@pinterest.com,12/2/2020,12/6/2020
362,true,mpavya1,4821 Kensington Lane,tsivella1@arizona.edu,10/11/2020,7/26/2021
363,true,kitzkovitcha2,9648 Springs Parkway,wsamplea2@bbc.co.uk,2/7/2021,5/24/2021
364,false,dmccolleya3,5683 Thierer Road,pcrosona3@slideshare.net,3/17/2021,4/8/2021
365,true,larnaldya4,59266 Service Trail,crhymea4@forbes.com,4/7/2021,1/3/2021
366,false,sgibbea5,612 Stoughton Center,eroddicka5@paginegialle.it,11/10/2020,9/20/2020
367,true,nscandretta6,88786 5th Lane,gstrottona6@comsenz.com,4/4/2021,7/8/2021
368,true,bhaffnera7,189 Onsgard Hill,mfiandera7@nytimes.com,11/5/2020,3/29/2021
369,true,ocometsona8,285 Derek Alley,acoronasa8@tuttocitta.it,10/3/2020,7/1/2021
370,true,ldakea9,1310 Kensington Circle,tgibbena9@typepad.com,10/23/2020,12/29/2020
371,false,bjopsonaa,75 Browning Crossing,xlowseleyaa@cmu.edu,1/11/2021,8/1/2021
372,true,gscheffelab,6539 Drewry Avenue,aojedaab@altervista.org,11/2/2020,3/16/2021
373,false,abockmasterac,1070 Colorado Terrace,kmacgillacolmac@hc360.com,7/28/2021,7/26/2021
374,false,cmorcombad,506 Briar Crest Circle,kkarlqvistad@usgs.gov,9/28/2020,1/11/2021
375,false,smargaretae,17 Summer Ridge Park,gjoretae@si.edu,8/5/2021,10/30/2020
376,false,bbenedettiniaf,3065 Swallow Court,ajosselaf@wordpress.org,11/27/2020,3/12/2021
377,false,dscranneyag,58272 Summer Ridge Lane,jdurtnallag@cbc.ca,11/22/2020,11/17/2020
378,false,gdomenyah,488 La Follette Parkway,dambroisinah@cbslocal.com,2/16/2021,4/1/2021
379,false,cpaalai,819 Golden Leaf Street,ppavicai@amazon.de,6/24/2021,7/16/2021
380,false,kmousbyaj,5258 Fuller Alley,cmacclanceyaj@4shared.com,4/28/2021,3/22/2021
381,true,alamplak,79 Vernon Avenue,jtrayhornak@java.com,5/10/2021,9/21/2020
382,true,knewensal,648 Spenser Crossing,mdawtryal@ftc.gov,7/12/2021,3/4/2021
383,false,acanedoam,06927 Dexter Pass,sremirezam@cbsnews.com,7/25/2021,7/24/2021
384,true,rfaradayan,29 Paget Center,ahunnaman@seattletimes.com,9/5/2020,7/21/2021
385,true,akuhneao,073 Heffernan Trail,stateao@seesaa.net,9/19/2020,3/2/2021
386,false,lkattap,1 Melody Circle,rlayburnap@amazon.co.jp,10/5/2020,8/24/2021
387,false,bbutteaq,9468 Daystar Point,cbuxsyaq@sina.com.cn,2/11/2021,9/1/2020
388,true,gmcadamar,44 Bayside Road,jkingstonar@surveymonkey.com,2/12/2021,12/4/2020
389,false,glakeras,4 Corben Center,mdreveras@google.fr,9/14/2020,2/6/2021
390,false,ffrazierat,62725 Valley Edge Point,mdivineat@telegraph.co.uk,5/3/2021,11/21/2020
391,true,vscrivinau,1357 Hollow Ridge Way,tsarsonau@zimbio.com,7/1/2021,4/14/2021
392,true,ffishwickav,2008 Waubesa Circle,rleynaghav@redcross.org,11/7/2020,4/24/2021
393,true,cricciardelloaw,151 Dorton Terrace,tharboraw@friendfeed.com,9/11/2020,8/30/2021
394,false,rsawreyax,271 Morning Avenue,rdalgleishax@epa.gov,2/27/2021,6/6/2021
395,false,mivashintsovay,410 Sutherland Hill,mglasmanay@blogger.com,11/30/2020,3/9/2021
396,true,gcamdenaz,8423 Prentice Street,esimminsaz@hatena.ne.jp,10/7/2020,11/27/2020
397,false,evillaltab0,09 John Wall Point,fsexb0@wikispaces.com,11/7/2020,9/12/2020
398,false,abanyardb1,88924 Bowman Junction,pschohierb1@cpanel.net,10/25/2020,9/8/2020
399,true,taultonb2,7171 Sullivan Crossing,arubanenkob2@delicious.com,5/4/2021,2/17/2021
400,false,mivanchinb3,8 Main Circle,acoob3@npr.org,12/30/2020,1/24/2021
401,true,hblezardb4,6084 Maple Wood Hill,sjoontjesb4@e-recht24.de,12/19/2020,8/17/2021
402,true,ssmalesb5,0 Susan Alley,cfalloonb5@deviantart.com,5/10/2021,11/5/2020
403,false,mbendelb6,3892 Farwell Crossing,gsavoryb6@bluehost.com,3/13/2021,9/15/2020
404,false,dseamarkeb7,6 Tennyson Crossing,hmcgaugheyb7@discuz.net,2/1/2021,6/12/2021
405,true,hworkesb8,92 Shasta Hill,osimmankb8@chicagotribune.com,1/29/2021,2/17/2021
406,false,fgabeb9,505 Schurz Plaza,gshiellb9@webmd.com,10/24/2020,1/11/2021
407,false,gbondba,684 Merchant Circle,sdymockba@tripadvisor.com,6/18/2021,11/18/2020
408,true,araatzbb,25273 Talisman Court,jletteresebb@redcross.org,11/26/2020,4/28/2021
409,true,ccummingbc,4183 Eliot Crossing,ulathombc@photobucket.com,11/17/2020,2/3/2021
410,true,dmacdermotbd,8 Northwestern Road,rlorinczbd@cisco.com,9/24/2020,2/21/2021
411,true,jcornelleaube,51 2nd Court,wlanghornebe@xinhuanet.com,12/4/2020,9/14/2020
412,true,stavernerbf,29 Pleasure Park,rtrevinobf@squarespace.com,3/13/2021,12/7/2020
413,true,zfolkesbg,126 Sloan Court,mzecchinibg@globo.com,8/10/2021,12/20/2020
414,true,abullarbh,239 Novick Road,cmacgrathbh@naver.com,12/30/2020,6/12/2021
415,true,xvernebi,7 Hazelcrest Pass,gburbridgebi@geocities.jp,10/6/2020,12/22/2020
416,false,hlaingbj,97540 Novick Lane,thelgassbj@abc.net.au,8/14/2021,6/28/2021
417,false,dgledhillbk,5530 Sutherland Park,hyashuninbk@npr.org,1/4/2021,2/16/2021
418,false,trisbridgerbl,050 Farragut Crossing,dstigglesbl@tamu.edu,5/29/2021,2/28/2021
419,false,dmcalindenbm,83 Anthes Trail,cbygrovebm@delicious.com,9/2/2020,12/22/2020
420,true,cbaalhambn,42 Northridge Trail,cfilasovbn@wordpress.com,5/19/2021,12/8/2020
421,true,sreillybo,14 Sachtjen Parkway,tcraggsbo@answers.com,9/9/2020,11/18/2020
422,true,blumsdainebp,9 Holy Cross Plaza,omerietbp@odnoklassniki.ru,1/13/2021,4/26/2021
423,false,dengelbrechtbq,20 Westerfield Terrace,jconninghambq@businessinsider.com,9/2/2020,5/10/2021
424,true,ascopynbr,806 Myrtle Point,cpyerbr@squarespace.com,11/9/2020,8/23/2021
425,true,dsimanbs,2 Eagan Crossing,jstealfoxbs@yale.edu,2/13/2021,1/18/2021
426,false,mrackambt,36974 Charing Cross Hill,gvanzonbt@upenn.edu,12/5/2020,5/24/2021
427,false,echallenderbu,5 Green Court,cfoxbu@ning.com,1/4/2021,2/24/2021
428,false,rwilliscroftbv,0944 Michigan Parkway,ahincebv@fastcompany.com,6/18/2021,1/4/2021
429,true,ademarsbw,7045 Sachs Court,jhrynczykbw@prlog.org,11/22/2020,12/14/2020
430,true,wlevensbx,97118 Jana Avenue,csimukovbx@independent.co.uk,8/29/2021,9/9/2020
431,true,kblenkensopby,33285 John Wall Street,bconnealyby@alibaba.com,5/31/2021,10/21/2020
432,true,dpankethbz,7 Graceland Court,klantiffebz@google.cn,6/15/2021,9/8/2020
433,false,mrothchildc0,7 Knutson Trail,dtotterdillc0@studiopress.com,9/2/2020,4/4/2021
434,true,bmounfieldc1,642 Darwin Avenue,rgrzelewskic1@technorati.com,2/15/2021,3/31/2021
435,true,rcleavelandc2,633 Judy Avenue,bjoplinc2@usnews.com,4/24/2021,7/26/2021
436,false,asandayc3,774 Forest Run Court,jconeleyc3@seattletimes.com,11/7/2020,2/22/2021
437,true,fgongc4,394 Vahlen Pass,rbeachc4@sina.com.cn,4/16/2021,11/24/2020
438,true,lmorriartyc5,41621 Old Shore Road,bvasenkovc5@360.cn,3/1/2021,6/28/2021
439,true,lpalombic6,4 Homewood Place,brupelc6@bbb.org,2/18/2021,1/26/2021
440,true,asimoneauc7,40 Hazelcrest Alley,rreadshallc7@ca.gov,6/3/2021,3/19/2021
441,true,ohitzschkec8,411 Warner Trail,knoltec8@jiathis.com,5/26/2021,10/22/2020
442,true,hjonc9,7 Hazelcrest Lane,bsneathc9@addthis.com,6/21/2021,5/10/2021
443,false,ttalbotca,99 Bartillon Center,hruseca@springer.com,7/18/2021,5/22/2021
444,false,pclearycb,92211 Arapahoe Hill,pcawoodcb@howstuffworks.com,10/6/2020,4/10/2021
445,true,ckuhlmeycc,0961 Mcbride Terrace,fgrousecc@alibaba.com,6/24/2021,11/3/2020
446,true,gcleynmancd,10011 Crownhardt Hill,adrawmercd@gmpg.org,1/22/2021,10/13/2020
447,false,tjentce,86017 Bartillon Place,vordeltce@washington.edu,2/10/2021,12/25/2020
448,true,gpesekcf,77824 Elgar Circle,vmanningcf@ox.ac.uk,12/2/2020,3/11/2021
449,true,ucollomossecg,1102 Rowland Pass,vschierschcg@imageshack.us,3/22/2021,11/30/2020
450,true,lfitchettch,4 International Trail,colonech@businessweek.com,9/20/2020,9/15/2020
451,false,rlhommeci,93 Anniversary Alley,mchitteyci@fema.gov,12/25/2020,7/7/2021
452,false,pludeecj,91221 Express Center,ajagsoncj@fda.gov,11/19/2020,9/16/2020
453,false,jgoodrumck,47 Packers Pass,rabreyck@twitter.com,3/5/2021,6/30/2021
454,true,lbahdecl,2684 Cambridge Pass,gclilverdcl@twitpic.com,4/28/2021,4/23/2021
455,true,podesoncm,82986 Johnson Road,cbreitcm@newsvine.com,4/24/2021,7/7/2021
456,true,cmilsomcn,7018 Blue Bill Park Park,amishcn@linkedin.com,9/30/2020,9/7/2020
457,false,lsivillsco,7 Ohio Alley,sglasgowco@yelp.com,5/28/2021,1/15/2021
458,false,pmorcombcp,3075 Grover Street,zarmourcp@spotify.com,4/8/2021,6/11/2021
459,true,jfauningcq,27 Warner Court,galanbrookecq@nasa.gov,12/19/2020,7/16/2021
460,false,llumoxcr,8 Hansons Circle,amolinescr@blogs.com,1/31/2021,8/22/2021
461,true,hjerroldcs,56 Victoria Parkway,mcacaciecs@canalblog.com,4/4/2021,5/14/2021
462,false,adiggarct,93914 Summer Ridge Center,tsallisct@zimbio.com,7/5/2021,12/27/2020
463,false,ibuistcu,9 Oak Valley Circle,lwigglesworthcu@narod.ru,11/2/2020,1/5/2021
464,false,cfreegardcv,8 Cardinal Terrace,mmacteaguecv@nasa.gov,2/9/2021,9/16/2020
465,true,tstrudwickcw,0878 Dennis Place,kfouldescw@utexas.edu,7/9/2021,6/9/2021
466,false,pgittingscx,2 Paget Terrace,dmartugincx@yellowbook.com,9/12/2020,4/10/2021
467,true,gbatoncy,1750 Cherokee Road,kmyrkuscy@hibu.com,9/22/2020,6/4/2021
468,true,gskaecz,78 Ronald Regan Lane,akeemarcz@behance.net,3/13/2021,3/27/2021
469,false,tpolglased0,37 Goodland Lane,ndoickd0@tamu.edu,3/18/2021,2/5/2021
470,false,mguittond1,7078 Granby Terrace,tdinsed1@tinypic.com,8/29/2021,7/26/2021
471,false,jjappd2,5 Warbler Road,rweldond2@freewebs.com,3/30/2021,2/3/2021
472,true,taronovichd3,581 Buell Terrace,lpavolillod3@about.me,5/11/2021,5/3/2021
473,true,mdanbid4,95 Del Sol Junction,mredbournd4@miibeian.gov.cn,5/31/2021,6/22/2021
474,true,mkefordd5,4337 Cambridge Center,mvonwelldund5@live.com,2/4/2021,10/11/2020
475,false,hkoeppked6,77660 Hoard Hill,scarlissod6@google.com.hk,1/14/2021,3/18/2021
476,true,rtalkingtond7,45 Fairview Crossing,gfrymand7@google.com.hk,6/7/2021,9/10/2020
477,true,wriddettd8,2 Ludington Center,sfearfulld8@rakuten.co.jp,6/11/2021,7/16/2021
478,true,rplunketd9,863 Ronald Regan Plaza,rmethingamd9@nsw.gov.au,2/22/2021,7/10/2021
479,false,amiltonda,564 Marcy Court,mfeldonda@live.com,3/28/2021,4/15/2021
480,false,eheaforddb,3317 Montana Point,wduckeringdb@geocities.com,5/14/2021,4/7/2021
481,false,kallcockdc,5 Park Meadow Alley,dboamdc@bandcamp.com,10/5/2020,1/2/2021
482,true,mdanksdd,74745 Quincy Lane,smcquirterdd@businessweek.com,12/20/2020,9/25/2020
483,false,inevillede,4927 Brentwood Circle,emunseyde@purevolume.com,6/26/2021,8/21/2021
484,true,dorisdf,32604 Spenser Terrace,mswiffandf@rambler.ru,12/2/2020,6/16/2021
485,true,lmikodg,348 Arrowood Pass,sdebeauchampdg@house.gov,4/25/2021,2/27/2021
486,true,gdurrettdh,426 Corry Street,dpannettdh@unicef.org,9/28/2020,8/8/2021
487,true,ojackedi,077 Graceland Way,scawdelldi@ca.gov,5/20/2021,9/5/2020
488,true,ehuelindj,905 Macpherson Alley,nwimpeydj@yahoo.co.jp,11/21/2020,3/22/2021
489,false,tmuscottdk,6759 Dennis Trail,bmaccumeskeydk@blogspot.com,6/19/2021,2/11/2021
490,false,liddondl,80989 Hoepker Park,nsilleydl@51.la,3/24/2021,2/18/2021
491,false,fvercruyssedm,81530 Muir Junction,orablandm@purevolume.com,4/14/2021,10/12/2020
492,true,agrinikhindn,25 Westend Way,jhaggettdn@friendfeed.com,7/20/2021,4/14/2021
493,true,afaderdo,39542 Sloan Crossing,nmagnusdo@xinhuanet.com,2/11/2021,10/1/2020
494,true,tcoltharddp,680 Utah Avenue,vdogdp@goo.gl,9/1/2020,12/7/2020
495,true,wbraidleydq,14149 Trailsway Crossing,alorentedq@oakley.com,11/8/2020,7/31/2021
496,false,mechalliedr,47763 Atwood Junction,ahorsewooddr@mapy.cz,9/13/2020,3/19/2021
497,false,areckeds,142 Garrison Road,rwatmoughds@house.gov,5/23/2021,6/25/2021
498,false,lboottondt,41 Steensland Center,tmorforddt@washington.edu,6/29/2021,10/12/2020
499,true,ngerishdu,67 New Castle Crossing,mrenisondu@xinhuanet.com,1/14/2021,12/5/2020
500,false,soffelldv,658 Pine View Trail,scramphorndv@bigcartel.com,3/30/2021,8/13/2021
